subject	dt_years	mask_change_pct	jacobian_change_pct	brain_mean_pct
P1	1.4	-25.23	-32.68	1.798
P10	1	13.93	-8.841	-3.33
P11	0.58	-25.94	-4.498	-2.11
P12	3.16	18.06	-8.633	-5.822
P13	1.39	6.107	0.4139	-3.005
P14	3.75	-3.145	-35.81	1.448
P19	6.03	14.87	-16.17	3.251
P2	4.59	30.03	-12.5	-3.544
P20	4.37	107.3	5.044	2.831
P22	0.59	-8.4	-20.28	0.4089
P28	0.97	24.45	-20.32	-7.93
P3	4.41	-36.39	-10.51	-1.125
P31	1.48	51.5	-5.739	-0.8601
P33	2.42	-39.43	-12.23	-1.958
P4	2.19	14.36	5.026	-1.978
P5	1.59	-9.836	-22.74	-0.2353
P50	1	298.5	34.67	-0.3829
P51	3.01	28.69	-4.087	-3.875
P52	0.16	-14	0.9355	4.717
P53	1.17	-8.872	-3.064	-1.14
P6	2.01	29.72	4.979	-4.78
P7	0.97	29.56	-1.503	0.07532
P8	1.02	11.1	-6.768	-3.535
P9	2.15	1.306	-3.757	-5.289
