subject	n_new_voxels	n_resolved_voxels	new_z_baseline	new_z_followup	new_already_bright_frac	resolved_z_baseline	resolved_z_followup	resolved_still_bright_frac	persistent_z
P1	1313	4952	1.24	2.263	0	1.924	0.9874	0.008481	2.732
P10	1615	1244	0.8637	1.121	0.4043	0.8759	0.4321	0.06431	1.281
P11	769	2006	0.4755	1.121	0.0013	1.485	0.7039	0.01844	1.548
P12	9058	4544	0.8854	1.734	0.00265	1.434	0.8945	0.01518	2.182
P13	2968	1655	0.7973	1.138	0.222	1.028	0.9228	0.2151	1.366
P14	12470	9934	0.06885	2.788	0.0006415	2.012	0.5644	0.005033	2.471
P19	9662	7272	0.7155	1.206	0.03892	1.325	0.5075	0.06106	1.556
P2	1498	866	0.6557	1.842	0.003338	1.787	0.3497	0.001155	2.186
P20	1511	701	0.6163	1.57	0.0006618	1.518	0.7044	0.001427	1.887
P22	848	959	1.088	1.188	0.1014	2.243	1.455	0.3233	2.356
P28	628	414	0.2961	1.077	0.1895	0.7825	0.6098	0.3623	1.343
P3	661	1707	0.4227	1.265	0.2073	1.31	1.17	0.6093	1.477
P31	1653	258	0.8192	1.216	0.1537	1.116	0.4892	0.05814	1.832
P33	424	3280	0.738	0.942	0.03774	1.27	1.132	0.1598	1.954
P4	3335	1740	0.9532	1.464	0.1058	1.329	0.9376	0.08966	2.232
P5	1486	2201	1.469	1.854	0.1851	2.076	1.014	0.04134	2.367
P50	26541	1169	0.1315	2.044	0.009834	0.9464	0.7691	0.1454	1.533
P51	6352	4013	0.7286	1.519	0.00551	1.463	0.6789	0.03464	2.009
P52	948	1509	0.686	2.257	0.1213	1.428	1.149	0.2061	2.236
P53	3304	3635	0.2827	1.875	0.003027	2.634	-0.2047	0	3.826
P6	4065	1391	1.155	1.641	0.1028	1.726	0.8421	0.06111	2.245
P7	7276	3341	0.945	1.208	0.06047	1.614	0.913	0.2158	1.78
P8	705	414	-0.0385	1.55	0.09645	1.233	1.004	0.285	1.734
P9	892	658	1.288	1.315	0.05381	1.588	1.298	0.03647	2.217
