subject	n_voxels	mask_change_pct	jacobian_change_pct
P1	94	-7.447	11.13
P1	49	108.2	0.2844
P1	203	14.29	-22.93
P1	374	-66.31	-26.97
P1	1063	-35.65	-40.48
P1	72	-8.333	-45.99
P1	1196	-57.69	-36.05
P10	59	27.12	-30.69
P10	40	-25	10.76
P10	30	46.67	-4.592
P10	109	-4.587	-13.09
P10	268	-32.09	-17.61
P10	79	89.87	1.372
P10	7	128.6	7.234
P10	72	-72.22	-12.44
P10	67	-73.13	-11.14
P10	134	47.01	-3.687
P10	35	62.86	21.78
P10	76	30.26	-15.91
P10	94	58.51	-38.45
P10	151	-28.48	-5.295
P10	96	27.08	6.59
P10	143	-55.94	25.81
P11	93	-3.226	-19.69
P11	1005	3.582	4.416
P11	106	-47.17	-30.21
P11	43	48.84	0.9846
P11	85	-30.59	-28.29
P11	121	-20.66	8.767
P11	578	-20.93	-12.37
P11	44	25	-7.504
P12	50	58	-26.23
P12	104	-67.31	-0.5969
P12	116	-63.79	0.5747
P12	171	-71.93	-32.51
P12	37	-13.51	-22.56
P12	156	-31.41	-18.34
P12	120	-52.5	-30.36
P12	115	-53.91	-32.07
P12	60	-16.67	-27.9
P12	10	30	-16.32
P12	89	-68.54	-4.313
P12	9	300	2.474
P13	182	-19.23	1.625
P13	127	-71.65	1.845
P13	267	21.72	4.828
P13	103	-44.66	-41.92
P13	71	14.08	23.06
P13	3187	-38.85	5.098
P13	57	-21.05	-9.937
P13	131	-29.77	13.42
P13	82	-26.83	-35.32
P13	814	-35.14	-15.25
P13	697	-55.24	1.033
P13	59	-33.9	-17.86
P13	140	126.4	10.86
P13	83	33.73	11.11
P13	112	141.1	-11.7
P13	74	117.6	-1.156
P13	68	75	8.49
P13	69	-37.68	-6.1
P13	694	46.11	6.589
P13	100	680	3.47
P13	60	-75	-2.734
P13	45	4.444	-4.364
P13	59	54.24	20.81
P13	284	-4.225	25.07
P13	51	-52.94	-11.77
P13	62	196.8	22
P13	130	16.92	-10.42
P14	32	12.5	75.58
P14	20	65	-26.35
P14	139	-19.42	-47.31
P14	276	-57.61	-63.17
P14	68	-52.94	-27.1
P14	34	32.35	-55.62
P19	150	28.67	-21.26
P19	198	16.67	-7.923
P19	154	42.21	18.04
P19	41	402.4	31.37
P19	135	-24.44	-20.13
P19	909	-44.44	8.15
P19	10	20	-27.06
P2	73	-24.66	-24.2
P2	109	-3.67	-19.49
P2	129	1.55	-29.17
P2	35	68.57	0.4007
P2	455	5.495	-28.81
P2	74	-17.57	-17.61
P2	201	-50.25	-10.51
P2	144	82.64	-2.868
P2	48	-20.83	-20.51
P2	151	70.86	-1.911
P2	250	47.6	3.473
P2	428	51.17	-3.206
P2	40	22.5	7.651
P2	48	10.42	-31.33
P2	76	93.42	-9.399
P20	138	-68.84	-4.03
P22	53	71.7	-16.18
P22	755	-70.2	-26.7
P22	124	-35.48	-17.84
P22	70	-14.29	-21.55
P22	440	-14.55	-22.04
P22	33	387.9	-25.47
P22	92	265.2	-13.07
P22	42	95.24	-31.3
P22	45	2.222	-24.13
P22	204	26.47	-16.3
P22	80	-7.5	-20.85
P22	98	25.51	-9.403
P22	186	44.62	-8.209
P22	96	-13.54	-25.76
P22	128	-20.31	-10.99
P22	39	-51.28	-22.51
P28	113	-3.54	-18.05
P28	106	-30.19	-33.39
P28	88	12.5	-5.784
P28	168	-51.19	-16.71
P28	84	7.143	-31.88
P28	58	-32.76	-8.316
P3	100	-9	-12.3
P3	30	-30	-22.37
P3	856	-92.29	-11.98
P3	78	46.15	44.96
P3	108	26.85	-16.78
P3	62	-54.84	21.15
P3	44	-13.64	-13.62
P3	78	34.62	7.576
P3	73	-20.55	-42.89
P3	45	-24.44	4.374
P3	52	42.31	20.03
P3	116	-43.1	-9.368
P3	149	32.89	-34.35
P3	15	126.7	-43.04
P3	61	-1.639	-25.5
P3	47	6.383	30.04
P3	55	-3.636	-0.1534
P3	69	37.68	-25.48
P31	109	120.2	-15.21
P31	219	3.653	-19.66
P31	66	-42.42	-18.95
P31	178	14.61	11.06
P31	154	17.53	-1.353
P31	46	254.3	13.28
P31	301	41.53	-10.06
P31	35	77.14	-7.61
P31	32	84.38	-28.38
P31	38	13.16	-4.997
P31	43	53.49	2.117
P31	47	-57.45	-19.41
P31	40	117.5	18.7
P31	12	575	-8.261
P31	226	0.885	7.293
P31	809	36.96	3.498
P31	179	-46.37	-39.2
P31	15	86.67	2.086
P31	10	370	-28.67
P31	15	1060	-7.132
P31	30	-16.67	-26.99
P33	85	123.5	7.283
P33	27	40.74	-28.02
P33	190	-58.42	-10.95
P33	174	-6.322	-22.73
P33	168	4.167	-14.32
P33	35	-17.14	-18.37
P33	65	-33.85	-13.86
P33	59	0	-31.74
P33	39	-35.9	-27.1
P33	40	-42.5	-10.27
P33	132	-21.21	-3.288
P33	93	-7.527	-24.12
P33	106	66.98	-18.43
P33	10	-20	-29.41
P33	89	2.247	-11.35
P4	231	0	-11.07
P4	68	-48.53	-10.55
P4	223	-59.19	-6.034
P4	123	-17.89	-15.27
P4	363	62.53	4.718
P4	236	-50.85	20.31
P4	56	-23.21	-0.1096
P4	97	83.51	1.254
P5	219	29.22	-13.56
P5	92	-8.696	-33.87
P5	33	157.6	-7.976
P5	181	-23.2	-11.96
P5	46	167.4	-20.99
P5	48	-31.25	-15.39
P50	57	-31.58	-6.4
P50	76	-25	-4.379
P50	13	346.2	-0.09039
P50	64	-15.62	-48.2
P50	138	-7.971	-17.01
P50	34	-29.41	-15.25
P50	44	-22.73	-22.04
P50	10	810	10.02
P50	59	-15.25	-9.218
P50	84	259.5	9.202
P50	105	-1.905	7.439
P50	16	175	-13.47
P50	535	72.52	-10.51
P50	103	2.913	-3.805
P50	151	88.08	-1.758
P50	300	-17.67	6.645
P50	20	95	4.568
P50	38	0	0.5102
P50	144	62.5	7.633
P50	70	-30	-0.2323
P50	123	47.15	33.15
P50	55	14.55	14.99
P50	12	533.3	57.59
P50	158	-9.494	13.58
P50	75	-66.67	0.665
P51	68	79.41	37.37
P51	53	245.3	-24.25
P51	147	-32.65	-10.75
P51	34	41.18	-39.63
P51	131	216.8	-2.192
P51	123	-39.02	28.85
P51	168	15.48	-32.46
P51	1125	1.6	14.27
P52	353	105.7	15.64
P52	255	-0.3922	-4.867
P52	299	-3.679	-4.888
P52	117	-40.17	-21.68
P52	177	-8.475	-4.133
P52	54	77.78	-25.84
P52	312	-37.82	-4.929
P52	410	14.15	-0.8327
P52	71	85.92	-21.3
P52	37	89.19	42.88
P52	97	1.031	-10.06
P6	40	20	-21.39
P6	99	134.3	17.5
P6	171	-58.48	5.288
P6	364	37.64	2.267
P6	72	106.9	-5.168
P6	78	-51.28	-27.51
P6	120	-59.17	-16.32
P6	127	69.29	14.05
P6	108	22.22	-3.64
P6	70	-48.57	-17.88
P6	70	-20	-11.11
P6	13	576.9	-27.61
P6	85	-51.76	0.689
P6	60	35	3.378
P7	80	240	-5.237
P7	71	242.3	-22.64
P7	51	-47.06	-4.301
P7	371	-22.64	-4.957
P7	56	48.21	-8.918
P7	67	-13.43	-21.89
P8	445	-27.42	-11.44
P8	156	-30.77	-11.89
P8	64	-57.81	-13.38
P8	69	69.57	-2.826
P8	105	-59.05	-9.878
P8	484	-9.298	0.6955
P8	34	-73.53	3.33
P8	75	40	-5.32
P8	87	-5.747	-1.84
P8	26	107.7	-11.28
P8	263	-14.45	-6.173
P8	73	20.55	-12.24
P8	36	-5.556	-17.47
P9	769	-66.58	1.273
P9	44	322.7	19.49
P9	35	-28.57	6.672
P9	113	-23.01	-12.68
P9	281	295	-3.658
P9	76	-68.42	-15.92
P9	129	103.9	-6.201
P9	72	-55.56	-11.23
P9	481	-41.58	-4.051
P9	38	247.4	-9.454
