subject	n_timepoints	interval_years	baseline_lesions	baseline_volume_ml	volume_change_pct_per_year	resolved	shrinking	new	enlarging	trend_down	sel_candidates	sel_candidates_mean_ge8	sel_volume_ml	stable	adjacent_fragment	trend_up
P1	3	1.4	18	20.68	-18.0	7	4	4	3	2	17	17	1.38	0	0	0
P10	2	1.0	34	3.0	13.9	12	7	11	9	1	20	20	0.62	1	1	0
P11	2	0.58	14	4.34	-44.7	4	4	1	3	1	11	11	1.64	0	0	1
P12	4	3.16	32	29.55	5.7	9	8	13	5	2	39	21	5.3	0	1	2
P13	2	1.39	38	9.68	4.4	5	14	22	14	0	40	37	3.39	2	3	0
P14	4	3.75	16	24.8	-0.8	4	2	17	1	3	11	9	1.53	1	0	1
P19	4	6.03	58	18.59	2.5	36	0	8	3	2	19	14	1.13	5	0	3
P2	4	4.59	15	2.26	6.5	0	1	2	6	2	1	0	0.02	5	0	1
P20	3	4.37	8	0.74	24.5	7	1	10	0	0	3	3	0.22	0	2	0
P22	2	0.59	21	3.12	-14.2	4	9	3	7	0	4	4	0.1	1	0	0
P28	2	0.97	8	0.82	25.2	2	3	14	1	0	2	2	0.03	1	0	1
P3	4	4.41	41	2.98	-8.3	21	3	5	4	3	3	3	0.11	5	1	4
P31	2	1.48	28	4.29	34.8	2	4	7	15	0	12	11	0.82	2	0	1
P33	2	2.42	41	10.63	-16.3	21	8	2	3	3	9	6	0.35	5	1	0
P4	3	2.19	19	34.98	6.6	5	4	4	2	2	77	37	13.44	1	2	1
P5	2	1.59	22	4.04	-6.2	9	3	4	5	1	4	3	0.21	0	0	0
P50	2	1.0	47	9.14	298.5	13	10	8	14	1	35	32	4.35	4	1	0
P51	2	3.01	43	13.27	9.5	26	2	18	6	0	33	24	2.58	2	4	2
P52	2	0.16	26	3.31	-87.5	15	4	3	5	0	24	24	1.27	1	0	1
P53	2	1.17	22	4.11	-7.6	21	1	21	0	0	21	19	0.99	0	0	0
P6	3	2.01	33	13.06	14.8	13	6	18	9	0	40	30	5.17	0	0	1
P7	2	0.97	21	27.99	30.5	8	3	11	4	1	40	33	10.79	0	1	0
P8	2	1.02	17	2.06	10.9	4	7	7	4	2	15	11	0.36	0	1	0
P9	3	2.15	14	3.29	0.6	2	7	3	4	0	4	2	0.27	0	0	0
